Rank,Feature Index,Attribution Value,Contribution
1,1160,0.06413902,Positive (+)
2,692,0.05355379,Positive (+)
3,736,0.05118091,Positive (+)
4,1307,0.04986964,Positive (+)
5,656,0.04976242,Positive (+)
6,1913,0.047565013,Positive (+)
7,114,0.044146933,Positive (+)
8,1398,0.041874252,Positive (+)
9,2023,0.03662878,Positive (+)
10,236,0.03126429,Positive (+)
11,1714,0.029150452,Positive (+)
12,1982,0.028547034,Positive (+)
13,1920,0.027680244,Positive (+)
14,1873,0.022020366,Positive (+)
15,1165,0.021849668,Positive (+)
16,1257,0.02151761,Positive (+)
17,1039,0.019484524,Positive (+)
18,1029,0.018968374,Positive (+)
19,1742,0.018537654,Positive (+)
20,701,0.018394036,Positive (+)
21,84,0.017823385,Positive (+)
22,1057,0.015333689,Positive (+)
23,1750,0.015221671,Positive (+)
24,1199,0.010732877,Positive (+)
25,1380,0.010194902,Positive (+)
26,763,0.010091478,Positive (+)
27,1448,0.008367109,Positive (+)
28,1102,0.008163655,Positive (+)
29,1055,0.007823691,Positive (+)
30,956,0.006849052,Positive (+)
31,1550,0.006746308,Positive (+)
32,1113,0.0044798423,Positive (+)
33,357,0.0038055873,Positive (+)
34,1639,0.0034835301,Positive (+)
35,1721,0.0025597715,Positive (+)
36,875,0.0015695497,Positive (+)
37,1024,0.0009712739,Positive (+)
38,1348,0.0008742382,Positive (+)
39,1594,0.0006918974,Positive (+)
40,1239,-0.0029869324,Negative (−)
41,1936,-0.003274858,Negative (−)
42,506,-0.0043166806,Negative (−)
43,1088,-0.0052735545,Negative (−)
44,1114,-0.005699433,Negative (−)
45,1823,-0.006156412,Negative (−)
46,1510,-0.006877606,Negative (−)
47,1722,-0.007439381,Negative (−)
48,225,-0.007633307,Negative (−)
49,207,-0.010394601,Negative (−)
50,1470,-0.01048379,Negative (−)
51,19,-0.012270445,Negative (−)
52,1437,-0.012275533,Negative (−)
53,29,-0.012787104,Negative (−)
54,1250,-0.014254245,Negative (−)
55,960,-0.019537132,Negative (−)
56,917,-0.019996908,Negative (−)
57,1235,-0.021592695,Negative (−)
58,1846,-0.021709504,Negative (−)
59,26,-0.024544371,Negative (−)
60,1586,-0.035400383,Negative (−)
61,1405,-0.049782544,Negative (−)
62,1013,-0.05443223,Negative (−)
